image,bounds,score,label
../darknet/build/darknet/x64/data/obj/21686769_1649650445107411_1011942705135423565_o.jpg,[ 740.05444  141.49503 1775.6921   747.21246],1,0.9893416
../darknet/build/darknet/x64/data/obj/21686769_1649650445107411_1011942705135423565_o.jpg,[ 776.20703  126.66187 1761.7278   705.4247 ],0,0.25496358
../darknet/build/darknet/x64/data/obj/21686769_1649650445107411_1011942705135423565_o.jpg,[ 639.9306    0.     1798.8965  481.1615],1,0.114562884
../darknet/build/darknet/x64/data/obj/21686769_1649650445107411_1011942705135423565_o.jpg,[ 668.5483   315.24088 1731.4037   948.03845],1,0.10962589
../darknet/build/darknet/x64/data/obj/21686769_1649650445107411_1011942705135423565_o.jpg,[ 930.2253   213.91644 1398.0961   713.1592 ],1,0.105497345
../darknet/build/darknet/x64/data/obj/21686769_1649650445107411_1011942705135423565_o.jpg,[1074.4673   131.07832 1489.776    611.83746],1,0.08708462
../darknet/build/darknet/x64/data/obj/21686769_1649650445107411_1011942705135423565_o.jpg,[1013.2124   385.16824 1759.3876   736.8975 ],1,0.07619492
../darknet/build/darknet/x64/data/obj/21686769_1649650445107411_1011942705135423565_o.jpg,[1332.0101   132.38136 2045.7937   884.40045],1,0.07084153
../darknet/build/darknet/x64/data/obj/21686769_1649650445107411_1011942705135423565_o.jpg,[1276.094    218.58702 1761.9788   615.67224],1,0.0690322
../darknet/build/darknet/x64/data/obj/21686769_1649650445107411_1011942705135423565_o.jpg,[1024.9409   318.98685 1965.7545  1025.9497 ],1,0.06663926
../darknet/build/darknet/x64/data/obj/21686769_1649650445107411_1011942705135423565_o.jpg,[ 870.8929   180.15005 2020.9597  1071.2578 ],0,0.06585242
../darknet/build/darknet/x64/data/obj/21686769_1649650445107411_1011942705135423565_o.jpg,[1071.7313     64.588844 2045.7937    630.90063 ],1,0.063548535
../darknet/build/darknet/x64/data/obj/21686769_1649650445107411_1011942705135423565_o.jpg,[ 924.9515  344.4672 1598.0769  745.7303],0,0.062001754
../darknet/build/darknet/x64/data/obj/21686769_1649650445107411_1011942705135423565_o.jpg,[ 885.1529   131.1118  1694.0251   499.91107],1,0.06128145
../darknet/build/darknet/x64/data/obj/21686769_1649650445107411_1011942705135423565_o.jpg,[ 747.8617   216.21646 1240.8578   590.3524 ],1,0.054108273
../darknet/build/darknet/x64/data/obj/21686769_1649650445107411_1011942705135423565_o.jpg,[1036.9874     20.949675 1693.6473    477.14252 ],0,0.051779266
../darknet/build/darknet/x64/data/obj/IMG-20200708-WA0006.jpg,[667.10956 656.1822  765.7231  692.9696 ],0,0.812167
../darknet/build/darknet/x64/data/obj/IMG-20200708-WA0006.jpg,[846.5416  673.9     960.42175 708.73206],0,0.7600991
../darknet/build/darknet/x64/data/obj/IMG-20200708-WA0006.jpg,[666.142   655.23285 766.04224 692.8052 ],1,0.2382934
../darknet/build/darknet/x64/data/obj/IMG-20200708-WA0006.jpg,[828.82086 662.98914 968.137   721.2396 ],0,0.122271195
../darknet/build/darknet/x64/data/obj/IMG-20200708-WA0006.jpg,[847.21783 675.85986 956.81256 707.6373 ],1,0.10433538
../darknet/build/darknet/x64/data/obj/IMG-20200708-WA0006.jpg,[856.44934 682.9843  945.4816  726.73785],0,0.10059783
../darknet/build/darknet/x64/data/obj/IMG-20200708-WA0006.jpg,[655.34045 649.45514 786.14636 707.5206 ],0,0.09034495
../darknet/build/darknet/x64/data/obj/IMG-20200708-WA0006.jpg,[656.66437 669.2431  751.1318  701.4426 ],0,0.08546624
../darknet/build/darknet/x64/data/obj/IMG-20200708-WA0006.jpg,[869.53546 666.7815  962.78064 699.44916],0,0.08267097
../darknet/build/darknet/x64/data/obj/IMG-20200708-WA0006.jpg,[693.0601  664.72314 764.194   703.1626 ],0,0.077434056
../darknet/build/darknet/x64/data/obj/IMG-20200708-WA0006.jpg,[836.93427 674.61444 912.68866 706.04346],0,0.060391992
../darknet/build/darknet/x64/data/obj/IMG-20200708-WA0006.jpg,[883.1931  679.2475  956.89105 718.2015 ],0,0.05541524
../darknet/build/darknet/x64/data/obj/IMG-20200708-WA0006.jpg,[664.0236  662.26874 772.99866 713.50745],1,0.052462738
../darknet/build/darknet/x64/data/obj/IMG-20200708-WA0006.jpg,[665.1574  680.6023  751.37317 714.2728 ],0,0.05079445
../darknet/build/darknet/x64/data/obj/IMG-20200708-WA0006.jpg,[667.10956 656.1822  765.7231  692.9696 ],0,0.812167
../darknet/build/darknet/x64/data/obj/IMG-20200708-WA0006.jpg,[846.5416  673.9     960.42175 708.73206],0,0.7600991
../darknet/build/darknet/x64/data/obj/IMG-20200708-WA0006.jpg,[666.142   655.23285 766.04224 692.8052 ],1,0.2382934
../darknet/build/darknet/x64/data/obj/IMG-20200708-WA0006.jpg,[828.82086 662.98914 968.137   721.2396 ],0,0.122271195
../darknet/build/darknet/x64/data/obj/IMG-20200708-WA0006.jpg,[847.21783 675.85986 956.81256 707.6373 ],1,0.10433538
../darknet/build/darknet/x64/data/obj/IMG-20200708-WA0006.jpg,[856.44934 682.9843  945.4816  726.73785],0,0.10059783
../darknet/build/darknet/x64/data/obj/IMG-20200708-WA0006.jpg,[655.34045 649.45514 786.14636 707.5206 ],0,0.09034495
../darknet/build/darknet/x64/data/obj/IMG-20200708-WA0006.jpg,[656.66437 669.2431  751.1318  701.4426 ],0,0.08546624
../darknet/build/darknet/x64/data/obj/IMG-20200708-WA0006.jpg,[869.53546 666.7815  962.78064 699.44916],0,0.08267097
../darknet/build/darknet/x64/data/obj/IMG-20200708-WA0006.jpg,[693.0601  664.72314 764.194   703.1626 ],0,0.077434056
../darknet/build/darknet/x64/data/obj/IMG-20200708-WA0006.jpg,[836.93427 674.61444 912.68866 706.04346],0,0.060391992
../darknet/build/darknet/x64/data/obj/IMG-20200708-WA0006.jpg,[883.1931  679.2475  956.89105 718.2015 ],0,0.05541524
../darknet/build/darknet/x64/data/obj/IMG-20200708-WA0006.jpg,[664.0236  662.26874 772.99866 713.50745],1,0.052462738
../darknet/build/darknet/x64/data/obj/IMG-20200708-WA0006.jpg,[665.1574  680.6023  751.37317 714.2728 ],0,0.05079445
../darknet/build/darknet/x64/data/obj/IMG-20200708-WA0035.jpg,[737.2186  701.279   934.85944 760.84784],0,0.7666337
../darknet/build/darknet/x64/data/obj/IMG-20200708-WA0035.jpg,[746.9153 706.1776 876.6929 751.0589],0,0.5375523
../darknet/build/darknet/x64/data/obj/IMG-20200708-WA0035.jpg,[399.8703  654.88983 597.50415 720.26764],0,0.5351531
../darknet/build/darknet/x64/data/obj/IMG-20200708-WA0035.jpg,[730.0913 711.6102 842.6739 766.0329],0,0.08852269
../darknet/build/darknet/x64/data/obj/IMG-20200708-WA0035.jpg,[743.5205  713.90045 822.85126 751.7948 ],0,0.071577564
../darknet/build/darknet/x64/data/obj/IMG-20200708-WA0035.jpg,[704.5549  693.6521  965.5091  784.22406],0,0.053509973
../darknet/build/darknet/x64/data/obj/IMG-20200708-WA0035.jpg,[749.6074  727.26996 826.5189  761.2438 ],0,0.052952617
../darknet/build/darknet/x64/data/obj/IMG-20200708-WA0035.jpg,[737.2186  701.279   934.85944 760.84784],0,0.7666337
../darknet/build/darknet/x64/data/obj/IMG-20200708-WA0035.jpg,[746.9153 706.1776 876.6929 751.0589],0,0.5375523
../darknet/build/darknet/x64/data/obj/IMG-20200708-WA0035.jpg,[399.8703  654.88983 597.50415 720.26764],0,0.5351531
../darknet/build/darknet/x64/data/obj/IMG-20200708-WA0035.jpg,[730.0913 711.6102 842.6739 766.0329],0,0.08852269
../darknet/build/darknet/x64/data/obj/IMG-20200708-WA0035.jpg,[743.5205  713.90045 822.85126 751.7948 ],0,0.071577564
../darknet/build/darknet/x64/data/obj/IMG-20200708-WA0035.jpg,[704.5549  693.6521  965.5091  784.22406],0,0.053509973
../darknet/build/darknet/x64/data/obj/IMG-20200708-WA0035.jpg,[749.6074  727.26996 826.5189  761.2438 ],0,0.052952617
../darknet/build/darknet/x64/data/obj/IMG-20200708-WA0049.jpg,[709.15454 545.8987  945.59326 626.34045],0,0.80152243
../darknet/build/darknet/x64/data/obj/IMG-20200708-WA0049.jpg,[707.47955 565.8016  829.6075  621.19025],0,0.21606486
../darknet/build/darknet/x64/data/obj/IMG-20200708-WA0049.jpg,[696.5038  573.34863 784.0075  615.21716],0,0.12748729
../darknet/build/darknet/x64/data/obj/IMG-20200708-WA0049.jpg,[708.6239 574.1524 891.4635 636.0258],0,0.09927428
../darknet/build/darknet/x64/data/obj/IMG-20200708-WA0049.jpg,[714.1829 598.6342 785.4304 632.0376],0,0.09804356
../darknet/build/darknet/x64/data/obj/IMG-20200708-WA0049.jpg,[716.1859  584.80444 796.05365 624.53455],0,0.07950184
../darknet/build/darknet/x64/data/obj/IMG-20200708-WA0049.jpg,[674.91974 575.18164 755.6038  610.4635 ],0,0.0763728
../darknet/build/darknet/x64/data/obj/IMG-20200708-WA0049.jpg,[709.15454 545.8987  945.59326 626.34045],1,0.06161304
../darknet/build/darknet/x64/data/obj/IMG-20200708-WA0049.jpg,[790.6016  552.93915 936.38184 602.7823 ],0,0.05774544
../darknet/build/darknet/x64/data/obj/IMG-20200708-WA0049.jpg,[697.9272  584.5981  756.8173  622.34143],0,0.05188588
../darknet/build/darknet/x64/data/obj/IMG-20200708-WA0041.jpg,[ 924.86316  296.66528 1200.9711   576.3739 ],1,0.3707619
../darknet/build/darknet/x64/data/obj/IMG-20200708-WA0041.jpg,[ 77.6525  365.64142 260.25366 587.3281 ],1,0.26714778
../darknet/build/darknet/x64/data/obj/IMG-20200708-WA0014.jpg,[688.6264  586.99567 942.1819  647.1246 ],0,0.44967395
../darknet/build/darknet/x64/data/obj/IMG-20200708-WA0014.jpg,[692.2407  602.71857 786.1196  635.59   ],0,0.18482274
../darknet/build/darknet/x64/data/obj/IMG-20200708-WA0014.jpg,[694.61084 596.19653 854.942   639.04535],0,0.13638538
../darknet/build/darknet/x64/data/obj/58460334_2637456916326754_2504379779436773376_o.jpg,[ 320.15237  453.5389  1780.9462   945.98596],1,0.86324114
../darknet/build/darknet/x64/data/obj/58460334_2637456916326754_2504379779436773376_o.jpg,[ 287.29266  457.89188 1734.6868   931.2626 ],0,0.20264883
../darknet/build/darknet/x64/data/obj/58460334_2637456916326754_2504379779436773376_o.jpg,[ 413.74146  174.54445 1939.3927   814.22687],1,0.081794806
../darknet/build/darknet/x64/data/obj/58460334_2637456916326754_2504379779436773376_o.jpg,[ 597.1022  608.6734 1410.587  1022.5476],0,0.07807027
../darknet/build/darknet/x64/data/obj/58460334_2637456916326754_2504379779436773376_o.jpg,[ 506.76215  397.225   1150.8783  1027.7872 ],1,0.06678976
../darknet/build/darknet/x64/data/obj/58460334_2637456916326754_2504379779436773376_o.jpg,[ 975.8339   600.3704  1700.0583   992.76984],0,0.06279819
../darknet/build/darknet/x64/data/obj/107753673_10158896654144073_1570110335365435167_n.jpg,[559.3488  201.64186 651.59106 247.72142],1,0.53103375
../darknet/build/darknet/x64/data/obj/107753673_10158896654144073_1570110335365435167_n.jpg,[255.57341 238.63773 352.04727 267.87213],0,0.3398578
../darknet/build/darknet/x64/data/obj/107753673_10158896654144073_1570110335365435167_n.jpg,[453.43744   42.470104 482.72897   55.692593],1,0.17252861
../darknet/build/darknet/x64/data/obj/107753673_10158896654144073_1570110335365435167_n.jpg,[453.43744   42.470104 482.72897   55.692593],0,0.12953538
../darknet/build/darknet/x64/data/obj/107753673_10158896654144073_1570110335365435167_n.jpg,[560.3464  200.12273 647.06934 246.39363],0,0.12350331
../darknet/build/darknet/x64/data/obj/107753673_10158896654144073_1570110335365435167_n.jpg,[190.2873  101.70238 211.10693 116.61619],1,0.11511246
../darknet/build/darknet/x64/data/obj/107753673_10158896654144073_1570110335365435167_n.jpg,[279.0949  121.71895 312.78232 141.28006],1,0.10471198
../darknet/build/darknet/x64/data/obj/107753673_10158896654144073_1570110335365435167_n.jpg,[390.04868  100.299866 417.7958   116.39019 ],1,0.1029924
../darknet/build/darknet/x64/data/obj/107753673_10158896654144073_1570110335365435167_n.jpg,[279.93008 122.258   310.05658 138.94272],0,0.09420285
../darknet/build/darknet/x64/data/obj/107753673_10158896654144073_1570110335365435167_n.jpg,[363.0388  139.58142 380.09653 152.52994],1,0.07395809
../darknet/build/darknet/x64/data/obj/107753673_10158896654144073_1570110335365435167_n.jpg,[389.7161   100.140785 419.7858   116.881355],0,0.06928185
../darknet/build/darknet/x64/data/obj/107753673_10158896654144073_1570110335365435167_n.jpg,[251.55658 239.11009 353.63388 273.62936],1,0.06250489
../darknet/build/darknet/x64/data/obj/107753673_10158896654144073_1570110335365435167_n.jpg,[625.1535  142.03355 648.7361  152.37585],1,0.058377523
../darknet/build/darknet/x64/data/obj/107753673_10158896654144073_1570110335365435167_n.jpg,[190.16692  101.47223  211.93642  116.646416],0,0.054708365
../darknet/build/darknet/x64/data/obj/107753673_10158896654144073_1570110335365435167_n.jpg,[274.57025 245.05112 328.8343  271.74384],0,0.05391139
../darknet/build/darknet/x64/data/obj/107753673_10158896654144073_1570110335365435167_n.jpg,[624.6495  142.88849 648.9886  150.84914],0,0.053416084
../darknet/build/darknet/x64/data/obj/107753673_10158896654144073_1570110335365435167_n.jpg,[207.22673   79.32359  223.79922   91.803474],1,0.053174842
../darknet/build/darknet/x64/data/obj/107753673_10158896654144073_1570110335365435167_n.jpg,[559.3488  201.64186 651.59106 247.72142],1,0.53103375
../darknet/build/darknet/x64/data/obj/107753673_10158896654144073_1570110335365435167_n.jpg,[255.57341 238.63773 352.04727 267.87213],0,0.3398578
../darknet/build/darknet/x64/data/obj/107753673_10158896654144073_1570110335365435167_n.jpg,[453.43744   42.470104 482.72897   55.692593],1,0.17252861
../darknet/build/darknet/x64/data/obj/107753673_10158896654144073_1570110335365435167_n.jpg,[453.43744   42.470104 482.72897   55.692593],0,0.12953538
../darknet/build/darknet/x64/data/obj/107753673_10158896654144073_1570110335365435167_n.jpg,[560.3464  200.12273 647.06934 246.39363],0,0.12350331
../darknet/build/darknet/x64/data/obj/107753673_10158896654144073_1570110335365435167_n.jpg,[190.2873  101.70238 211.10693 116.61619],1,0.11511246
../darknet/build/darknet/x64/data/obj/107753673_10158896654144073_1570110335365435167_n.jpg,[279.0949  121.71895 312.78232 141.28006],1,0.10471198
../darknet/build/darknet/x64/data/obj/107753673_10158896654144073_1570110335365435167_n.jpg,[390.04868  100.299866 417.7958   116.39019 ],1,0.1029924
../darknet/build/darknet/x64/data/obj/107753673_10158896654144073_1570110335365435167_n.jpg,[279.93008 122.258   310.05658 138.94272],0,0.09420285
../darknet/build/darknet/x64/data/obj/107753673_10158896654144073_1570110335365435167_n.jpg,[363.0388  139.58142 380.09653 152.52994],1,0.07395809
../darknet/build/darknet/x64/data/obj/107753673_10158896654144073_1570110335365435167_n.jpg,[389.7161   100.140785 419.7858   116.881355],0,0.06928185
../darknet/build/darknet/x64/data/obj/107753673_10158896654144073_1570110335365435167_n.jpg,[251.55658 239.11009 353.63388 273.62936],1,0.06250489
../darknet/build/darknet/x64/data/obj/107753673_10158896654144073_1570110335365435167_n.jpg,[625.1535  142.03355 648.7361  152.37585],1,0.058377523
../darknet/build/darknet/x64/data/obj/107753673_10158896654144073_1570110335365435167_n.jpg,[190.16692  101.47223  211.93642  116.646416],0,0.054708365
../darknet/build/darknet/x64/data/obj/107753673_10158896654144073_1570110335365435167_n.jpg,[274.57025 245.05112 328.8343  271.74384],0,0.05391139
../darknet/build/darknet/x64/data/obj/107753673_10158896654144073_1570110335365435167_n.jpg,[624.6495  142.88849 648.9886  150.84914],0,0.053416084
../darknet/build/darknet/x64/data/obj/107753673_10158896654144073_1570110335365435167_n.jpg,[207.22673   79.32359  223.79922   91.803474],1,0.053174842
../darknet/build/darknet/x64/data/obj/66277214_2816895768382867_7231369026763489280_o.jpg,[ 768.38654  621.49207 1670.392    960.4509 ],1,0.17980506
../darknet/build/darknet/x64/data/obj/66277214_2816895768382867_7231369026763489280_o.jpg,[ 783.4904   626.90875 1176.4932   793.8141 ],1,0.073104374
../darknet/build/darknet/x64/data/obj/IMG-20200708-WA0005.jpg,[705.0465 568.0369 836.4161 632.5453],0,0.8571358
../darknet/build/darknet/x64/data/obj/IMG-20200708-WA0005.jpg,[706.08417 566.92236 836.877   633.126  ],1,0.19533321
../darknet/build/darknet/x64/data/obj/IMG-20200708-WA0005.jpg,[720.9608  581.3347  821.001   623.34076],0,0.19031595
../darknet/build/darknet/x64/data/obj/IMG-20200708-WA0005.jpg,[720.92035 597.5252  809.69977 633.4185 ],0,0.18648796
../darknet/build/darknet/x64/data/obj/IMG-20200708-WA0005.jpg,[712.82275 615.9088  790.6343  644.61053],0,0.08171595
../darknet/build/darknet/x64/data/obj/21273651_1630478263691296_6173816560476463869_o.jpg,[1188.1287   117.55926 1917.1954   757.6522 ],1,0.7373659
../darknet/build/darknet/x64/data/obj/21273651_1630478263691296_6173816560476463869_o.jpg,[1276.2495   353.46844 1883.7256   736.8742 ],1,0.18119691
../darknet/build/darknet/x64/data/obj/21273651_1630478263691296_6173816560476463869_o.jpg,[1113.4197   497.51392 1815.1587   818.0275 ],1,0.051741235
../darknet/build/darknet/x64/data/obj/21273651_1630478263691296_6173816560476463869_o.jpg,[1480.899    516.37994 1892.9939   709.7398 ],1,0.05043882
../darknet/build/darknet/x64/data/obj/99426044_3815699845169116_2016741489140301824_o.jpg,[ 877.5763   487.2643  1301.4545   626.00305],0,0.69314194
../darknet/build/darknet/x64/data/obj/99426044_3815699845169116_2016741489140301824_o.jpg,[470.84    590.78766 839.5375  704.296  ],0,0.56642467
../darknet/build/darknet/x64/data/obj/99426044_3815699845169116_2016741489140301824_o.jpg,[ 877.4365   487.1114  1291.7833   624.31067],1,0.41638672
../darknet/build/darknet/x64/data/obj/99426044_3815699845169116_2016741489140301824_o.jpg,[479.62463 591.4568  842.0656  705.9033 ],1,0.3118269
../darknet/build/darknet/x64/data/obj/99426044_3815699845169116_2016741489140301824_o.jpg,[633.89655 592.9856  833.62695 688.656  ],0,0.22262013
../darknet/build/darknet/x64/data/obj/99426044_3815699845169116_2016741489140301824_o.jpg,[522.75183 561.43286 978.2196  716.2222 ],0,0.11649607
../darknet/build/darknet/x64/data/obj/99426044_3815699845169116_2016741489140301824_o.jpg,[ 951.8809   481.57327 1193.8534   593.4444 ],0,0.09677323
../darknet/build/darknet/x64/data/obj/99426044_3815699845169116_2016741489140301824_o.jpg,[522.75183 561.43286 978.2196  716.2222 ],1,0.07541327
../darknet/build/darknet/x64/data/obj/99426044_3815699845169116_2016741489140301824_o.jpg,[ 891.51984  512.3208  1138.5426   592.97845],0,0.066894025
../darknet/build/darknet/x64/data/obj/99426044_3815699845169116_2016741489140301824_o.jpg,[1044.5713   516.90326 1290.3291   628.4773 ],0,0.060488757
../darknet/build/darknet/x64/data/obj/99426044_3815699845169116_2016741489140301824_o.jpg,[1030.9955   489.58002 1246.3934   579.45996],0,0.052406024
../darknet/build/darknet/x64/data/obj/99426044_3815699845169116_2016741489140301824_o.jpg,[ 877.5763   487.2643  1301.4545   626.00305],0,0.69314194
../darknet/build/darknet/x64/data/obj/99426044_3815699845169116_2016741489140301824_o.jpg,[470.84    590.78766 839.5375  704.296  ],0,0.56642467
../darknet/build/darknet/x64/data/obj/99426044_3815699845169116_2016741489140301824_o.jpg,[ 877.4365   487.1114  1291.7833   624.31067],1,0.41638672
../darknet/build/darknet/x64/data/obj/99426044_3815699845169116_2016741489140301824_o.jpg,[479.62463 591.4568  842.0656  705.9033 ],1,0.3118269
../darknet/build/darknet/x64/data/obj/99426044_3815699845169116_2016741489140301824_o.jpg,[633.89655 592.9856  833.62695 688.656  ],0,0.22262013
../darknet/build/darknet/x64/data/obj/99426044_3815699845169116_2016741489140301824_o.jpg,[522.75183 561.43286 978.2196  716.2222 ],0,0.11649607
../darknet/build/darknet/x64/data/obj/99426044_3815699845169116_2016741489140301824_o.jpg,[ 951.8809   481.57327 1193.8534   593.4444 ],0,0.09677323
../darknet/build/darknet/x64/data/obj/99426044_3815699845169116_2016741489140301824_o.jpg,[522.75183 561.43286 978.2196  716.2222 ],1,0.07541327
../darknet/build/darknet/x64/data/obj/99426044_3815699845169116_2016741489140301824_o.jpg,[ 891.51984  512.3208  1138.5426   592.97845],0,0.066894025
../darknet/build/darknet/x64/data/obj/99426044_3815699845169116_2016741489140301824_o.jpg,[1044.5713   516.90326 1290.3291   628.4773 ],0,0.060488757
../darknet/build/darknet/x64/data/obj/99426044_3815699845169116_2016741489140301824_o.jpg,[1030.9955   489.58002 1246.3934   579.45996],0,0.052406024
../darknet/build/darknet/x64/data/obj/IMG-20200708-WA0011.jpg,[638.7906  625.21735 747.36255 663.3576 ],0,0.842875
../darknet/build/darknet/x64/data/obj/IMG-20200708-WA0011.jpg,[848.4302  644.2252  948.2338  671.02606],0,0.46639103
../darknet/build/darknet/x64/data/obj/IMG-20200708-WA0011.jpg,[638.6787 625.8526 746.9487 664.3712],1,0.23131153
../darknet/build/darknet/x64/data/obj/IMG-20200708-WA0011.jpg,[642.63336 648.3678  725.3284  676.0053 ],0,0.07861549
../darknet/build/darknet/x64/data/obj/IMG-20200708-WA0011.jpg,[652.16705 632.94305 739.89276 677.4194 ],0,0.077616036
../darknet/build/darknet/x64/data/obj/IMG-20200708-WA0011.jpg,[850.09406 648.50385 935.87134 689.3472 ],0,0.06556448
../darknet/build/darknet/x64/data/obj/IMG-20200708-WA0011.jpg,[844.41785 645.4792  946.9463  673.26044],1,0.062335383
../darknet/build/darknet/x64/data/obj/IMG-20200708-WA0011.jpg,[668.2813 649.1003 751.0464 674.9159],0,0.059648525
../darknet/build/darknet/x64/data/obj/IMG-20200708-WA0011.jpg,[626.3532  635.0726  705.68066 666.58136],0,0.050917786
../darknet/build/darknet/x64/data/obj/IMG-20200708-WA0047.jpg,[ 539.4746   453.06357 1003.35956  806.8394 ],1,0.108648434
../darknet/build/darknet/x64/data/obj/IMG-20200708-WA0047.jpg,[533.0971  525.21045 988.7397  801.3503 ],0,0.089396596
../darknet/build/darknet/x64/data/obj/IMG-20200708-WA0037.jpg,[587.5221  497.25076 673.7571  630.72046],1,0.05182234
../darknet/build/darknet/x64/data/obj/IMG-20200708-WA0051.jpg,[ 471.23016  744.6269  1142.0718   909.09656],0,0.32976365
../darknet/build/darknet/x64/data/obj/22712470_10155616946156488_6458015603788421649_o.jpg,[ 590.5964   489.0833  1061.0103   884.49365],1,0.87095255
../darknet/build/darknet/x64/data/obj/22712470_10155616946156488_6458015603788421649_o.jpg,[   0.      717.0525  690.0634 1337.6018],1,0.26469502
../darknet/build/darknet/x64/data/obj/22712470_10155616946156488_6458015603788421649_o.jpg,[1321.9397   160.17546 2046.8501  1321.0629 ],0,0.107541405
../darknet/build/darknet/x64/data/obj/22712470_10155616946156488_6458015603788421649_o.jpg,[1419.6116   217.93697 2046.8501  1258.9381 ],1,0.10652381
../darknet/build/darknet/x64/data/obj/22712470_10155616946156488_6458015603788421649_o.jpg,[   0.      686.3009  714.04   1322.7584],0,0.0976662
../darknet/build/darknet/x64/data/obj/22712470_10155616946156488_6458015603788421649_o.jpg,[ 657.91626  469.12485 1141.9927   906.9926 ],0,0.096221976
../darknet/build/darknet/x64/data/obj/71100678_3035251603213948_5235695876923457536_o.jpg,[223.25851 622.2837  789.68494 863.03296],1,0.9845902
../darknet/build/darknet/x64/data/obj/71100678_3035251603213948_5235695876923457536_o.jpg,[173.7923  793.8745  286.6939  839.45166],0,0.29134962
../darknet/build/darknet/x64/data/obj/71100678_3035251603213948_5235695876923457536_o.jpg,[225.26118 619.84534 775.79205 874.19867],0,0.25168985
../darknet/build/darknet/x64/data/obj/71100678_3035251603213948_5235695876923457536_o.jpg,[318.54483 596.3593  610.10486 888.2015 ],1,0.06842647
../darknet/build/darknet/x64/data/obj/50802628_10156731120161488_3629435463212728320_o.jpg,[   8.65931  158.41864 1232.1199   653.056  ],1,0.6442002
../darknet/build/darknet/x64/data/obj/50802628_10156731120161488_3629435463212728320_o.jpg,[425.      180.57224 657.58716 250.10948],0,0.48280954
../darknet/build/darknet/x64/data/obj/50802628_10156731120161488_3629435463212728320_o.jpg,[ 12.583517 149.34123  977.9589   617.4958  ],0,0.31158376
../darknet/build/darknet/x64/data/obj/50802628_10156731120161488_3629435463212728320_o.jpg,[1261.8297  746.4838 1726.56   1127.6854],1,0.30366066
../darknet/build/darknet/x64/data/obj/50802628_10156731120161488_3629435463212728320_o.jpg,[103.426025 139.02147  830.11676  413.1761  ],0,0.19062997
../darknet/build/darknet/x64/data/obj/50802628_10156731120161488_3629435463212728320_o.jpg,[1233.6849  738.1252 1726.56   1138.399 ],0,0.17961411
../darknet/build/darknet/x64/data/obj/50802628_10156731120161488_3629435463212728320_o.jpg,[111.66266 166.55806 667.0336  319.54254],0,0.14895666
../darknet/build/darknet/x64/data/obj/50802628_10156731120161488_3629435463212728320_o.jpg,[ 244.80205  358.4638  1150.3368   671.11505],0,0.14373556
../darknet/build/darknet/x64/data/obj/50802628_10156731120161488_3629435463212728320_o.jpg,[ 272.04828  353.30417 1204.7689   682.63983],1,0.12663215
../darknet/build/darknet/x64/data/obj/50802628_10156731120161488_3629435463212728320_o.jpg,[ 18.133907 150.70158  818.7224   528.2036  ],1,0.10569386
../darknet/build/darknet/x64/data/obj/50802628_10156731120161488_3629435463212728320_o.jpg,[ 10.224759 368.68314  509.88324  639.1442  ],1,0.103870824
../darknet/build/darknet/x64/data/obj/50802628_10156731120161488_3629435463212728320_o.jpg,[283.0687  180.35832 654.54706 293.06256],0,0.10197659
../darknet/build/darknet/x64/data/obj/50802628_10156731120161488_3629435463212728320_o.jpg,[ 89.417435 167.23746  673.4643   322.72253 ],1,0.09922738
../darknet/build/darknet/x64/data/obj/50802628_10156731120161488_3629435463212728320_o.jpg,[ 176.76892  163.25908 1190.7867   471.4104 ],0,0.09058756
../darknet/build/darknet/x64/data/obj/50802628_10156731120161488_3629435463212728320_o.jpg,[  0.      368.3581  604.96234 643.1514 ],0,0.088847846
../darknet/build/darknet/x64/data/obj/50802628_10156731120161488_3629435463212728320_o.jpg,[  12.963221  209.05742  1557.6307    871.9494  ],1,0.08333732
../darknet/build/darknet/x64/data/obj/50802628_10156731120161488_3629435463212728320_o.jpg,[ 125.43504    13.017986 1063.5713    910.22485 ],1,0.08291204
../darknet/build/darknet/x64/data/obj/50802628_10156731120161488_3629435463212728320_o.jpg,[1244.8878  892.9782 1621.7808 1075.2988],0,0.077182636
../darknet/build/darknet/x64/data/obj/50802628_10156731120161488_3629435463212728320_o.jpg,[1363.7255   634.0548  1726.2216  1012.52423],1,0.07235955
../darknet/build/darknet/x64/data/obj/50802628_10156731120161488_3629435463212728320_o.jpg,[1422.022   647.5023 1726.56   1028.7886],0,0.06307551
../darknet/build/darknet/x64/data/obj/50802628_10156731120161488_3629435463212728320_o.jpg,[139.95319   42.040768 856.40204  318.41022 ],0,0.056242358
../darknet/build/darknet/x64/data/obj/50802628_10156731120161488_3629435463212728320_o.jpg,[  21.114317  279.29608  1348.4062    814.7972  ],0,0.053925447
../darknet/build/darknet/x64/data/obj/50802628_10156731120161488_3629435463212728320_o.jpg,[  60.87308    0.      1394.4501   654.91876],0,0.05064868
../darknet/build/darknet/x64/data/obj/50802628_10156731120161488_3629435463212728320_o.jpg,[119.53431 447.41296 272.05658 517.06964],0,0.05035309
../darknet/build/darknet/x64/data/obj/50802628_10156731120161488_3629435463212728320_o.jpg,[   8.65931  158.41864 1232.1199   653.056  ],1,0.6442002
../darknet/build/darknet/x64/data/obj/50802628_10156731120161488_3629435463212728320_o.jpg,[425.      180.57224 657.58716 250.10948],0,0.48280954
../darknet/build/darknet/x64/data/obj/50802628_10156731120161488_3629435463212728320_o.jpg,[ 12.583517 149.34123  977.9589   617.4958  ],0,0.31158376
../darknet/build/darknet/x64/data/obj/50802628_10156731120161488_3629435463212728320_o.jpg,[1261.8297  746.4838 1726.56   1127.6854],1,0.30366066
../darknet/build/darknet/x64/data/obj/50802628_10156731120161488_3629435463212728320_o.jpg,[103.426025 139.02147  830.11676  413.1761  ],0,0.19062997
../darknet/build/darknet/x64/data/obj/50802628_10156731120161488_3629435463212728320_o.jpg,[1233.6849  738.1252 1726.56   1138.399 ],0,0.17961411
../darknet/build/darknet/x64/data/obj/50802628_10156731120161488_3629435463212728320_o.jpg,[111.66266 166.55806 667.0336  319.54254],0,0.14895666
../darknet/build/darknet/x64/data/obj/50802628_10156731120161488_3629435463212728320_o.jpg,[ 244.80205  358.4638  1150.3368   671.11505],0,0.14373556
../darknet/build/darknet/x64/data/obj/50802628_10156731120161488_3629435463212728320_o.jpg,[ 272.04828  353.30417 1204.7689   682.63983],1,0.12663215
../darknet/build/darknet/x64/data/obj/50802628_10156731120161488_3629435463212728320_o.jpg,[ 18.133907 150.70158  818.7224   528.2036  ],1,0.10569386
../darknet/build/darknet/x64/data/obj/50802628_10156731120161488_3629435463212728320_o.jpg,[ 10.224759 368.68314  509.88324  639.1442  ],1,0.103870824
../darknet/build/darknet/x64/data/obj/50802628_10156731120161488_3629435463212728320_o.jpg,[283.0687  180.35832 654.54706 293.06256],0,0.10197659
../darknet/build/darknet/x64/data/obj/50802628_10156731120161488_3629435463212728320_o.jpg,[ 89.417435 167.23746  673.4643   322.72253 ],1,0.09922738
../darknet/build/darknet/x64/data/obj/50802628_10156731120161488_3629435463212728320_o.jpg,[ 176.76892  163.25908 1190.7867   471.4104 ],0,0.09058756
../darknet/build/darknet/x64/data/obj/50802628_10156731120161488_3629435463212728320_o.jpg,[  0.      368.3581  604.96234 643.1514 ],0,0.088847846
../darknet/build/darknet/x64/data/obj/50802628_10156731120161488_3629435463212728320_o.jpg,[  12.963221  209.05742  1557.6307    871.9494  ],1,0.08333732
../darknet/build/darknet/x64/data/obj/50802628_10156731120161488_3629435463212728320_o.jpg,[ 125.43504    13.017986 1063.5713    910.22485 ],1,0.08291204
../darknet/build/darknet/x64/data/obj/50802628_10156731120161488_3629435463212728320_o.jpg,[1244.8878  892.9782 1621.7808 1075.2988],0,0.077182636
../darknet/build/darknet/x64/data/obj/50802628_10156731120161488_3629435463212728320_o.jpg,[1363.7255   634.0548  1726.2216  1012.52423],1,0.07235955
../darknet/build/darknet/x64/data/obj/50802628_10156731120161488_3629435463212728320_o.jpg,[1422.022   647.5023 1726.56   1028.7886],0,0.06307551
../darknet/build/darknet/x64/data/obj/50802628_10156731120161488_3629435463212728320_o.jpg,[139.95319   42.040768 856.40204  318.41022 ],0,0.056242358
../darknet/build/darknet/x64/data/obj/50802628_10156731120161488_3629435463212728320_o.jpg,[  21.114317  279.29608  1348.4062    814.7972  ],0,0.053925447
../darknet/build/darknet/x64/data/obj/50802628_10156731120161488_3629435463212728320_o.jpg,[  60.87308    0.      1394.4501   654.91876],0,0.05064868
../darknet/build/darknet/x64/data/obj/50802628_10156731120161488_3629435463212728320_o.jpg,[119.53431 447.41296 272.05658 517.06964],0,0.05035309
../darknet/build/darknet/x64/data/obj/103129295_2909941969053835_211613038503728080_n.jpg,[ 78.359406 166.48296  341.74466  299.42114 ],1,0.19154687
../darknet/build/darknet/x64/data/obj/103129295_2909941969053835_211613038503728080_n.jpg,[ 66.29569   85.709785 881.7116   482.55692 ],1,0.08624647
../darknet/build/darknet/x64/data/obj/103129295_2909941969053835_211613038503728080_n.jpg,[ 89.18528 160.7039  383.86438 407.03928],1,0.073323965
../darknet/build/darknet/x64/data/obj/IMG-20200709-WA0000.jpg,[1066.6774    0.     1599.      872.8871],1,0.14206374
../darknet/build/darknet/x64/data/obj/IMG-20200709-WA0000.jpg,[1103.8883     0.      1599.       993.01855],0,0.12111398
../darknet/build/darknet/x64/data/obj/39442406_2128432723895845_4925007632177037312_o.jpg,[1085.7825   284.70514 1556.3907   742.7229 ],1,0.95720905
../darknet/build/darknet/x64/data/obj/39442406_2128432723895845_4925007632177037312_o.jpg,[1091.3596  278.5117 1583.7701  742.8966],0,0.1749558
../darknet/build/darknet/x64/data/obj/39442406_2128432723895845_4925007632177037312_o.jpg,[1178.8376   313.76263 1564.5182   597.245  ],1,0.12891202
../darknet/build/darknet/x64/data/obj/39442406_2128432723895845_4925007632177037312_o.jpg,[ 929.2743   343.67563 1699.6487   889.1197 ],0,0.07430926
../darknet/build/darknet/x64/data/obj/39442406_2128432723895845_4925007632177037312_o.jpg,[1123.9392   300.2791  1456.3705   509.64026],1,0.06962545
../darknet/build/darknet/x64/data/obj/39442406_2128432723895845_4925007632177037312_o.jpg,[1048.1388   274.85345 1940.3732   769.7299 ],1,0.053155225
../darknet/build/darknet/x64/data/obj/IMG-20200708-WA0055.jpg,[500.20706 393.6472  998.86743 556.50586],0,0.9081965
../darknet/build/darknet/x64/data/obj/IMG-20200708-WA0055.jpg,[496.20358 393.0197  996.03625 556.545  ],1,0.12710623
../darknet/build/darknet/x64/data/obj/DSC_0370.JPG,[ 995.29706 1131.8649  3765.6448  2065.167  ],1,0.6976664
../darknet/build/darknet/x64/data/obj/DSC_0370.JPG,[1049.6047 1268.2646 2631.563  2058.6282],0,0.11447804
../darknet/build/darknet/x64/data/obj/DSC_0370.JPG,[1007.12933 1117.9321  3695.8137  2068.3914 ],0,0.11360259
../darknet/build/darknet/x64/data/obj/DSC_0249.JPG,[ 679.5512  876.5305 3580.235  1991.1704],1,0.968529
../darknet/build/darknet/x64/data/obj/DSC_0249.JPG,[ 692.9601  851.2174 3568.3655 2037.3213],0,0.26575664
../darknet/build/darknet/x64/data/obj/DSC_0249.JPG,[ 691.5991   913.36743 2445.0947  1648.2678 ],1,0.08176712
../darknet/build/darknet/x64/data/obj/DSC_0249.JPG,[ 884.9629   186.37222 3282.996   2261.562  ],1,0.07839615
../darknet/build/darknet/x64/data/obj/DSC_0358.JPG,[ 548.5417 2006.9585 1895.6053 2324.2554],0,0.8446056
../darknet/build/darknet/x64/data/obj/DSC_0358.JPG,[ 835.10455 2027.4167  1669.2645  2260.2761 ],0,0.31961438
../darknet/build/darknet/x64/data/obj/DSC_0358.JPG,[ 548.21655 2021.5968  1814.2808  2319.0193 ],1,0.079952
../darknet/build/darknet/x64/data/obj/DSC_0358.JPG,[ 569.0403 2052.3467 1401.4825 2299.0938],0,0.07983185
../darknet/build/darknet/x64/data/obj/DSC_0358.JPG,[ 583.52466 1883.0299  1652.257   2235.6921 ],0,0.058707878
../darknet/build/darknet/x64/data/obj/DSC_0358.JPG,[1052.8948 2016.2864 1466.082  2244.107 ],0,0.050007496
../darknet/build/darknet/x64/data/obj/DSC_0383.JPG,[  58.82159 1292.5107  3354.0815  2396.888  ],0,0.89187217
../darknet/build/darknet/x64/data/obj/DSC_0383.JPG,[ 209.71423 1282.5162  3355.7131  2373.573  ],1,0.23306066
../darknet/build/darknet/x64/data/obj/DSC_0383.JPG,[ 781.3324 1196.5487 3018.6443 1867.853 ],0,0.16636616
../darknet/build/darknet/x64/data/obj/DSC_0383.JPG,[1432.198  1291.2148 3399.405  2147.0544],1,0.14801429
../darknet/build/darknet/x64/data/obj/DSC_0383.JPG,[1432.198  1291.2148 3399.405  2147.0544],0,0.13945498
../darknet/build/darknet/x64/data/obj/DSC_0383.JPG,[ 536.94324 1214.6863  2497.979   2169.8855 ],0,0.13352537
../darknet/build/darknet/x64/data/obj/DSC_0383.JPG,[ 208.47923 1577.6672  2058.6135  2205.868  ],0,0.13162465
../darknet/build/darknet/x64/data/obj/DSC_0383.JPG,[ 217.73018 1886.5226  1829.4937  2433.0667 ],0,0.05895811
../darknet/build/darknet/x64/data/obj/DSC_0383.JPG,[ 253.48465 1599.605   3778.762   2840.5034 ],0,0.05647547
../darknet/build/darknet/x64/data/obj/DSCN3464.JPG,[1412.8741 1097.5353 3489.8167 1837.0671],1,0.71856517
../darknet/build/darknet/x64/data/obj/DSCN3464.JPG,[1414.9847 1100.847  3497.5198 1838.4075],0,0.3501745
../darknet/build/darknet/x64/data/obj/P1010896.JPG,[ 987.5489 1334.2545 1912.353  1622.795 ],0,0.68767715
../darknet/build/darknet/x64/data/obj/P1010896.JPG,[ 999.39594 1326.7838  2173.9138  1707.2118 ],1,0.326026
../darknet/build/darknet/x64/data/obj/P1010896.JPG,[ 873.1065 1272.5078 2150.266  1707.9558],0,0.2227036
../darknet/build/darknet/x64/data/obj/P1010896.JPG,[1097.8815 1338.8058 1656.7655 1535.0841],0,0.15025258
../darknet/build/darknet/x64/data/obj/P1010896.JPG,[1232.5994 1357.5563 1614.4027 1497.152 ],0,0.09545506
../darknet/build/darknet/x64/data/obj/P1010896.JPG,[ 917.6198 1353.7426 1527.3265 1609.2219],0,0.08809063
../darknet/build/darknet/x64/data/obj/P1010896.JPG,[ 680.71704 1263.1766  1495.1134  1656.6578 ],0,0.06593923
../darknet/build/darknet/x64/data/obj/P1010896.JPG,[1121.258  1390.1005 1534.2444 1561.7671],0,0.065081574
../darknet/build/darknet/x64/data/obj/P1010896.JPG,[1077.2614 1376.035  1624.6555 1671.5178],0,0.053576786
../darknet/build/darknet/x64/data/obj/P1010716.JPG,[1502.0485 2210.2078 2110.4517 2471.0356],0,0.35823935
../darknet/build/darknet/x64/data/obj/P1010716.JPG,[1184.5186 2222.3762 2175.39   2523.4717],0,0.09414417
../darknet/build/darknet/x64/data/obj/P1010902.JPG,[1995.849  1477.6931 3078.7551 1840.8888],0,0.098742075
../darknet/build/darknet/x64/data/obj/P1010715.JPG,[2466.6863 1509.2843 3286.4475 1790.0464],0,0.7068233
../darknet/build/darknet/x64/data/obj/P1010715.JPG,[2692.0466 1542.6372 3153.8281 1799.324 ],0,0.06961697
../darknet/build/darknet/x64/data/obj/P1010715.JPG,[2785.8384 1517.3583 3317.0735 1742.2971],0,0.059593905
../darknet/build/darknet/x64/data/obj/P1010899.JPG,[ 696.6924 1464.0142 2070.4983 1879.9987],0,0.91324914
../darknet/build/darknet/x64/data/obj/P1010899.JPG,[ 651.79987 1444.3593  2903.4316  2075.7178 ],0,0.5009227
../darknet/build/darknet/x64/data/obj/P1010899.JPG,[1075.0924 1457.5927 1934.552  1795.4971],0,0.38562745
../darknet/build/darknet/x64/data/obj/P1010899.JPG,[ 704.4315 1452.779  2089.3801 1869.9326],1,0.2842769
../darknet/build/darknet/x64/data/obj/P1010899.JPG,[1061.141  1450.2145 1728.6079 1684.9176],0,0.14934176
../darknet/build/darknet/x64/data/obj/P1010899.JPG,[ 851.95294 1472.3397  1546.1611  1744.0658 ],0,0.12713903
../darknet/build/darknet/x64/data/obj/P1010899.JPG,[ 651.79987 1444.3593  2903.4316  2075.7178 ],1,0.114897795
../darknet/build/darknet/x64/data/obj/P1010899.JPG,[1021.42096 1645.435   1405.0303  1858.908  ],0,0.07900559
../darknet/build/darknet/x64/data/obj/P1010899.JPG,[ 816.5281 1592.2106 1826.8824 1992.9855],0,0.07822146
../darknet/build/darknet/x64/data/obj/P1010899.JPG,[ 715.86176 1528.1442  1538.9615  1870.9318 ],0,0.073693536
../darknet/build/darknet/x64/data/obj/P1010899.JPG,[ 710.08105 1348.924   1903.2434  1755.854  ],0,0.07276408
../darknet/build/darknet/x64/data/obj/P1010899.JPG,[1133.8519 1649.722  1715.1759 1860.0382],0,0.066035576
../darknet/build/darknet/x64/data/obj/P1010899.JPG,[1251.4324 1729.1759 1766.9755 1924.1836],0,0.0656322
../darknet/build/darknet/x64/data/obj/P1010899.JPG,[ 848.1669 1648.5968 1288.6741 1856.1635],0,0.05789063
../darknet/build/darknet/x64/data/obj/P1010899.JPG,[1316.9197 1607.4104 1869.6155 1858.56  ],0,0.05529473
../darknet/build/darknet/x64/data/obj/DSCN3463.JPG,[1331.9558 1017.6971 3078.3887 1860.1727],0,0.6960926
../darknet/build/darknet/x64/data/obj/DSCN3463.JPG,[1789.897  1031.2711 3049.5225 1542.653 ],0,0.6111217
../darknet/build/darknet/x64/data/obj/DSCN3463.JPG,[1283.9275  1014.03204 3013.8867  1860.3721 ],1,0.47817856
../darknet/build/darknet/x64/data/obj/DSCN3463.JPG,[2305.2512 1098.9198 3071.8188 1508.0181],0,0.095729485
../darknet/build/darknet/x64/data/obj/DSCN3463.JPG,[2122.778  1034.0892 2994.7234 1400.1184],0,0.087586895
../darknet/build/darknet/x64/data/obj/DSCN3463.JPG,[1837.2844 1033.5756 3079.4375 1536.6387],1,0.073407315
../darknet/build/darknet/x64/data/obj/DSC_0246.JPG,[ 976.9643 1087.5106 3344.8254 1988.4052],1,0.101123005
../darknet/build/darknet/x64/data/obj/DSC_0246.JPG,[ 971.8046 1081.9298 3316.3486 1971.7686],0,0.09969097
../darknet/build/darknet/x64/data/obj/DSC_0354.JPG,[1721.0221  792.5416 2288.      975.4976],0,0.9385137
../darknet/build/darknet/x64/data/obj/DSC_0354.JPG,[1715.6865  791.1668 2287.811   978.1513],1,0.088336505
../darknet/build/darknet/x64/data/obj/DSC_0354.JPG,[1809.6046  825.5557 2178.389  1008.2474],0,0.06178076
../darknet/build/darknet/x64/data/obj/DSCN3547.JPG,[1480.7275 1837.2749 3157.3586 2300.892 ],0,0.13701467
../darknet/build/darknet/x64/data/obj/DSCN3547.JPG,[1898.3116 1855.4205 2967.3792 2209.9321],0,0.056855667
../darknet/build/darknet/x64/data/obj/DSCN3560.JPG,[1699.7557 1711.7899 2888.1948 2073.9072],0,0.6638656
../darknet/build/darknet/x64/data/obj/DSCN3560.JPG,[1167.5618 1701.4307 2908.2476 2199.28  ],0,0.511323
../darknet/build/darknet/x64/data/obj/DSCN3560.JPG,[2216.8496 1724.4806 2835.38   1959.9254],0,0.4996681
../darknet/build/darknet/x64/data/obj/DSCN3560.JPG,[1357.4596 1600.2825 2818.081  2012.4907],0,0.09694831
../darknet/build/darknet/x64/data/obj/DSCN3560.JPG,[2309.9375 1736.663  2702.725  1887.6523],0,0.09001847
../darknet/build/darknet/x64/data/obj/DSCN3560.JPG,[1279.336  1706.8098 2894.944  2109.7578],1,0.06328852
../darknet/build/darknet/x64/data/obj/DSCN3550.JPG,[1949.8843 1809.7806 3019.8247 2325.7297],1,0.76187056
../darknet/build/darknet/x64/data/obj/DSCN3550.JPG,[1971.5049 1836.0382 2974.2354 2357.5146],0,0.15617275
../darknet/build/darknet/x64/data/obj/DSCN3550.JPG,[1853.8145 1796.2283 3231.2646 2557.232 ],0,0.05241927
../darknet/build/darknet/x64/data/obj/DSCN3550.JPG,[2392.2988 1914.2493 2977.6729 2234.3125],0,0.050983395
../darknet/build/darknet/x64/data/obj/DSCN3378.JPG,[1542.5278 1286.8579 2583.8083 1809.0007],1,0.67240363
../darknet/build/darknet/x64/data/obj/DSCN3378.JPG,[1540.9752 1284.4977 2591.1562 1808.5431],0,0.40263295
../darknet/build/darknet/x64/data/obj/DSCN3378.JPG,[1559.449  1310.7275 2240.5862 1627.5928],0,0.07812919
