01324f822.jpg,"[658, 51, 1002, 238]"
0273758b8.jpg,"[48, 201, 421, 357]"
02bdec750.jpg,"[546, 168, 1021, 339]"
0372369a2.jpg,"[48, 95, 389, 232]"
03e23d88f.jpg,"[33, 239, 886, 443]"
048bbca71.jpg,"[103, 341, 275, 375]"
05e5e0e89.jpg,"[32, 52, 385, 166]"
085e31cc2.jpg,"[33, 255, 512, 365]"
0a81a4dbe.jpg,"[20, 137, 354, 278]"
0a92827f0.jpg,"[70, 184, 325, 281]"
0c037e179.jpg,"[636, 297, 1050, 360]"
0cd595e70.jpg,"[468, 100, 582, 161]"
0d9a9a263.jpg,"[135, 267, 430, 397]"
0dc5f7a13.jpg,"[19, 155, 75, 183]"
0e82ef15d.jpg,"[782, 228, 973, 353]"
107002c33.jpg,"[156, 325, 522, 412]"
1152013c8.jpg,"[622, 237, 950, 466]"
121e3acc2.jpg,"[65, 214, 351, 381]"
130821789.jpg,"[512, 253, 1010, 386]"
130821789.jpg,"[13, 220, 549, 383]"
13465cf7e.jpg,"[363, 200, 986, 348]"
13c58d49c.jpg,"[50, 103, 399, 332]"
13c6d2436.jpg,"[610, 273, 1050, 402]"
1470cd525.jpg,"[26, 65, 376, 139]"
159782f38.jpg,"[54, 200, 330, 343]"
1769738c2.jpg,"[458, 272, 618, 389]"
1ac3c3ee9.jpg,"[57, 252, 685, 431]"
1c1a6c7ec.jpg,"[573, 38, 1021, 225]"
1c3ff0d92.jpg,"[539, 111, 1035, 412]"
1eef410a0.jpg,"[333, 42, 579, 130]"
1ef6137fb.jpg,"[321, 401, 506, 479]"
1f5c1c779.jpg,"[67, 32, 347, 168]"
220a6fc09.jpg,"[0, 122, 244, 183]"
23930c511.jpg,"[19, 237, 556, 341]"
23e11e3fa.jpg,"[56, 242, 548, 364]"
23e11e3fa.jpg,"[625, 241, 903, 405]"
24543849b.jpg,"[26, 66, 236, 190]"
247285a8d.jpg,"[509, 354, 1299, 504]"
26030d61b.jpg,"[30, 155, 307, 263]"
26f42b551.jpg,"[89, 139, 487, 256]"
277912bc8.jpg,"[23, 348, 183, 494]"
279a9c82e.jpg,"[445, 171, 797, 326]"
2872f5a1a.jpg,"[568, 36, 1050, 198]"
2872f5a1a.jpg,"[72, 58, 655, 183]"
29bfa1e5c.jpg,"[38, 211, 849, 350]"
2a3df73dc.jpg,"[82, 84, 361, 300]"
2b6f03c7a.jpg,"[74, 203, 361, 368]"
2bb6c0d46.jpg,"[577, 222, 974, 455]"
2c7666acf.jpg,"[660, 165, 1031, 347]"
2da5a0222.jpg,"[489, 283, 1030, 398]"
2e2107b1d.jpg,"[439, 38, 667, 178]"
2e2da7d70.jpg,"[587, 233, 816, 331]"
2f3152628.jpg,"[656, 32, 1050, 225]"
303f90604.jpg,"[788, 459, 1045, 545]"
312cba031.jpg,"[433, 225, 967, 358]"
315ad3c1e.jpg,"[46, 331, 377, 457]"
33ee87d21.jpg,"[82, 204, 495, 349]"
34fdec579.jpg,"[81, 224, 505, 368]"
367150343.jpg,"[28, 206, 533, 336]"
3894b75e7.jpg,"[41, 164, 239, 266]"
3a2394d98.jpg,"[7, 158, 300, 259]"
3c5ad708e.jpg,"[55, 226, 498, 356]"
3c8f87463.jpg,"[429, 47, 665, 165]"
3ce52eddd.jpg,"[9, 170, 359, 241]"
3d25938c7.jpg,"[23, 197, 560, 354]"
3de517fc8.jpg,"[9, 304, 516, 439]"
3fead2fc3.jpg,"[357, 303, 1050, 442]"
4011f1509.jpg,"[346, 121, 591, 241]"
4043c4a1d.jpg,"[114, 253, 466, 419]"
420ad8215.jpg,"[23, 280, 518, 417]"
4431bc776.jpg,"[70, 263, 235, 397]"
4582d20d0.jpg,"[3, 251, 358, 353]"
46b9a8b9f.jpg,"[453, 59, 679, 227]"
46f679d2c.jpg,"[382, 273, 1050, 413]"
46f679d2c.jpg,"[2, 311, 207, 445]"
47d77f7c9.jpg,"[9, 224, 407, 376]"
47eb9f93d.jpg,"[632, 47, 736, 74]"
48b0cb4db.jpg,"[278, 217, 737, 375]"
49e8005f1.jpg,"[23, 256, 569, 352]"
49f92915d.jpg,"[535, 203, 1024, 411]"
4a92db15f.jpg,"[114, 247, 321, 310]"
4be97b307.jpg,"[52, 135, 500, 265]"
4c77a0e2b.jpg,"[47, 65, 370, 250]"
4cf7723a8.jpg,"[0, 274, 540, 433]"
4d33cec45.jpg,"[102, 276, 476, 398]"
4e1426137.jpg,"[454, 98, 1050, 318]"
4e41fbe34.jpg,"[642, 255, 1002, 397]"
4e6c0e6da.jpg,"[66, 84, 376, 251]"
511ec9e80.jpg,"[499, 77, 915, 224]"
535ed8a87.jpg,"[26, 159, 217, 272]"
54413bab0.jpg,"[24, 92, 406, 300]"
57a84c984.jpg,"[29, 121, 194, 221]"
58c49d387.jpg,"[493, 163, 971, 315]"
5d86af018.jpg,"[582, 145, 1050, 342]"
5db4348dd.jpg,"[80, 99, 492, 263]"
5f7be169b.jpg,"[92, 96, 483, 219]"
6003ebe18.jpg,"[441, 137, 837, 316]"
6173ba6be.jpg,"[0, 270, 568, 397]"
6173ba6be.jpg,"[636, 196, 1024, 344]"
6482efd6a.jpg,"[96, 190, 494, 313]"
65130f087.jpg,"[530, 77, 1033, 220]"
6614d0af1.jpg,"[48, 95, 312, 190]"
66313378e.jpg,"[703, 363, 884, 455]"
6734ad6a6.jpg,"[648, 243, 839, 349]"
677a14d01.jpg,"[32, 59, 403, 244]"
67ccce7c9.jpg,"[593, 259, 1050, 398]"
697c3eb70.jpg,"[44, 163, 242, 270]"
6a636b02f.jpg,"[23, 221, 314, 331]"
6a636b02f.jpg,"[468, 172, 763, 290]"
6a72d84ca.jpg,"[503, 468, 536, 496]"
6ba010a46.jpg,"[55, 168, 372, 340]"
6c3bf4ac0.jpg,"[575, 290, 851, 443]"
6c63b6e60.jpg,"[0, 272, 553, 462]"
704bf1bbb.jpg,"[30, 267, 503, 408]"
7061a9528.jpg,"[25, 142, 271, 233]"
710377f50.jpg,"[31, 152, 259, 258]"
716776748.jpg,"[28, 257, 532, 363]"
7308f370d.jpg,"[584, 139, 1050, 343]"
76f12592e.jpg,"[760, 95, 1048, 172]"
7a3c0d672.jpg,"[705, 79, 767, 117]"
80cd12987.jpg,"[262, 63, 548, 164]"
80f928240.jpg,"[43, 102, 420, 336]"
817ed5f3c.jpg,"[673, 273, 979, 410]"
840d4f9ed.jpg,"[0, 231, 437, 332]"
84cf18c7e.jpg,"[677, 255, 964, 339]"
84e2e177d.jpg,"[114, 221, 442, 381]"
84e2e177d.jpg,"[543, 270, 936, 392]"
85a60d11a.jpg,"[384, 226, 993, 399]"
88877d819.jpg,"[590, 114, 890, 260]"
88ee9bb30.jpg,"[441, 74, 775, 238]"
899c0d7fe.jpg,"[432, 390, 1050, 555]"
8a0a847bf.jpg,"[558, 187, 956, 344]"
8aac190df.jpg,"[445, 602, 546, 650]"
8be0c62d2.jpg,"[366, 202, 958, 315]"
8be0c62d2.jpg,"[0, 234, 585, 323]"
8d626a232.jpg,"[44, 313, 404, 485]"
8f54e0ffb.jpg,"[732, 162, 1020, 247]"
92ee448c0.jpg,"[46, 166, 411, 333]"
93cd89331.jpg,"[433, 111, 1050, 251]"
9429b7c9a.jpg,"[91, 368, 464, 530]"
95ddfca91.jpg,"[672, 251, 969, 406]"
9a5e9b5f8.jpg,"[0, 234, 330, 381]"
9cc33c2df.jpg,"[112, 125, 479, 275]"
9cfc18024.jpg,"[50, 517, 487, 711]"
9ef3c1a43.jpg,"[16, 213, 313, 325]"
a085cc6f6.jpg,"[55, 303, 296, 384]"
a2549c268.jpg,"[20, 291, 408, 424]"
a255b1c53.jpg,"[868, 344, 1044, 450]"
a2e01f223.jpg,"[553, 197, 976, 338]"
a2e01f223.jpg,"[56, 191, 520, 356]"
a37ab2a3f.jpg,"[47, 186, 377, 284]"
a480cde21.jpg,"[0, 97, 299, 171]"
a5aef8a12.jpg,"[399, 291, 1050, 420]"
a5aef8a12.jpg,"[0, 279, 475, 397]"
a9d667a5d.jpg,"[205, 383, 261, 416]"
ac7350385.jpg,"[51, 256, 409, 387]"
ad2f5f34d.jpg,"[246, 197, 762, 353]"
ae5f8dc8b.jpg,"[53, 127, 480, 283]"
b13ab29ed.jpg,"[622, 186, 1050, 363]"
b17d1f323.jpg,"[27, 237, 530, 369]"
b21ffa413.jpg,"[56, 262, 368, 447]"
b3243965d.jpg,"[513, 310, 884, 412]"
b3b7e8b32.jpg,"[28, 114, 269, 200]"
b4584e37f.jpg,"[50, 234, 391, 358]"
b61dcfe8c.jpg,"[735, 110, 984, 329]"
b927f9413.jpg,"[354, 23, 696, 136]"
b9df17cfd.jpg,"[29, 195, 397, 333]"
ba4a0a2cf.jpg,"[86, 231, 461, 409]"
ba4a0a2cf.jpg,"[721, 232, 1025, 344]"
bd8f798f1.jpg,"[283, 54, 350, 81]"
be7e15a63.jpg,"[571, 225, 842, 333]"
c121cc0e4.jpg,"[27, 287, 563, 431]"
c569637cb.jpg,"[603, 240, 814, 315]"
c619c79c6.jpg,"[587, 192, 978, 371]"
c7e62fa31.jpg,"[581, 187, 1050, 365]"
c8186a040.jpg,"[380, 323, 1050, 403]"
ce707eae6.jpg,"[78, 204, 356, 338]"
cf2d92762.jpg,"[413, 95, 526, 130]"
cf3312f57.jpg,"[534, 284, 1050, 436]"
d1de2a385.jpg,"[490, 259, 1022, 372]"
d385f6c8f.jpg,"[59, 240, 507, 428]"
d638acf33.jpg,"[23, 261, 506, 399]"
d86d4d0ba.jpg,"[545, 120, 969, 284]"
d8d7e07d8.jpg,"[455, 26, 679, 176]"
d92a3ba7f.jpg,"[691, 220, 1013, 394]"
d94f02df8.jpg,"[646, 97, 1015, 289]"
d96251582.jpg,"[716, 187, 984, 347]"
d9fa02611.jpg,"[992, 198, 1955, 423]"
dc0f310c3.jpg,"[36, 119, 339, 216]"
dd57171d5.jpg,"[42, 218, 406, 367]"
ddbd9d673.jpg,"[321, 141, 499, 173]"
ddc81f5cb.jpg,"[453, 226, 1037, 331]"
dfbf00e92.jpg,"[609, 52, 966, 230]"
e13e35856.jpg,"[347, 141, 583, 270]"
e1e9ecc6f.jpg,"[0, 204, 587, 333]"
e4b2f37ef.jpg,"[77, 188, 373, 305]"
e6917eeb7.jpg,"[441, 287, 938, 430]"
e6917eeb7.jpg,"[0, 300, 417, 511]"
e8249c2cb.jpg,"[36, 175, 424, 282]"
e96745d9f.jpg,"[65, 60, 526, 178]"
e9bf7bd90.jpg,"[27, 159, 517, 272]"
ea4148643.jpg,"[2, 258, 459, 421]"
ebdd5128b.jpg,"[533, 145, 900, 289]"
ec51f5ebc.jpg,"[26, 11, 412, 121]"
ed87c246b.jpg,"[624, 96, 1050, 307]"
eeacca43a.jpg,"[85, 51, 350, 185]"
ef129445d.jpg,"[40, 0, 172, 105]"
f26153f99.jpg,"[397, 234, 1050, 330]"
f4fc97dfb.jpg,"[54, 238, 474, 431]"
f974da6e2.jpg,"[826, 324, 1013, 442]"
f9a210aa2.jpg,"[821, 291, 1000, 373]"
f9daed87f.jpg,"[40, 289, 375, 347]"
fa13d4c0a.jpg,"[848, 375, 1032, 447]"
fa340f0e5.jpg,"[416, 110, 552, 151]"
fa8868884.jpg,"[295, 243, 1050, 375]"
fb9138ddb.jpg,"[65, 136, 317, 276]"
fc9129d7c.jpg,"[729, 182, 1010, 278]"
ff9b5c119.jpg,"[558, 231, 1050, 388]"
ff9b5c119.jpg,"[11, 229, 421, 342]"
fffde072b.jpg,"[145, 220, 405, 401]"
